DATA_MC|KOD_WOJ|WOJEWODZTWO|PLEC|WIEK|LICZBA
2021-02|02|WOJ. DOLNOLSKIE|K|40|10
2021-02|02|WOJ. DOLNOLSKIE|K|51|3
2021-02|02|WOJ. DOLNOLSKIE|K|18|84
2021-02|02|WOJ. DOLNOLSKIE|K|23|32
2021-02|02|WOJ. DOLNOLSKIE|K|41|12
2021-02|02|WOJ. DOLNOLSKIE|K|22|34
2021-02|02|WOJ. DOLNOLSKIE|K|47|2
2021-02|02|WOJ. DOLNOLSKIE|K|50|3
2021-02|02|WOJ. DOLNOLSKIE|K|66|1
2021-02|02|WOJ. DOLNOLSKIE|K|24|27
2021-02|02|WOJ. DOLNOLSKIE|K|42|18
2021-02|02|WOJ. DOLNOLSKIE|K|38|19
2021-02|02|WOJ. DOLNOLSKIE|K|37|16
2021-02|02|WOJ. DOLNOLSKIE|K|54|3
2021-02|02|WOJ. DOLNOLSKIE|K|61|3
2021-02|02|WOJ. DOLNOLSKIE|K|32|15
2021-02|02|WOJ. DOLNOLSKIE|K|60|2
2021-02|02|WOJ. DOLNOLSKIE|K|52|1
2021-02|02|WOJ. DOLNOLSKIE|K|45|5
2021-02|02|WOJ. DOLNOLSKIE|K|55|2
2021-02|02|WOJ. DOLNOLSKIE|K|44|9
2021-02|02|WOJ. DOLNOLSKIE|K|31|20
2021-02|02|WOJ. DOLNOLSKIE|K|62|2
2021-02|02|WOJ. DOLNOLSKIE|K|33|19
2021-02|02|WOJ. DOLNOLSKIE|K|21|70
2021-02|02|WOJ. DOLNOLSKIE|K|36|15
2021-02|02|WOJ. DOLNOLSKIE|K|30|32
2021-02|02|WOJ. DOLNOLSKIE|K|27|34
2021-02|02|WOJ. DOLNOLSKIE|K|35|17
2021-02|02|WOJ. DOLNOLSKIE|K|49|4
2021-02|02|WOJ. DOLNOLSKIE|K|46|4
2021-02|02|WOJ. DOLNOLSKIE|K|56|1
2021-02|02|WOJ. DOLNOLSKIE|K|57|2
2021-02|02|WOJ. DOLNOLSKIE|K|19|467
2021-02|02|WOJ. DOLNOLSKIE|K|43|4
2021-02|02|WOJ. DOLNOLSKIE|K|28|25
2021-02|02|WOJ. DOLNOLSKIE|K|26|44
2021-02|02|WOJ. DOLNOLSKIE|K|34|17
2021-02|02|WOJ. DOLNOLSKIE|K|25|37
2021-02|02|WOJ. DOLNOLSKIE|K|29|17
2021-02|02|WOJ. DOLNOLSKIE|K|58|2
2021-02|02|WOJ. DOLNOLSKIE|K|48|4
2021-02|02|WOJ. DOLNOLSKIE|K|39|15
2021-02|02|WOJ. DOLNOLSKIE|K|53|3
2021-02|02|WOJ. DOLNOLSKIE|K|20|140
2021-02|02|WOJ. DOLNOLSKIE|M|31|16
2021-02|02|WOJ. DOLNOLSKIE|M|21|56
2021-02|02|WOJ. DOLNOLSKIE|M|24|22
2021-02|02|WOJ. DOLNOLSKIE|M|37|11
2021-02|02|WOJ. DOLNOLSKIE|M|46|6
2021-02|02|WOJ. DOLNOLSKIE|M|39|8
2021-02|02|WOJ. DOLNOLSKIE|M|34|16
2021-02|02|WOJ. DOLNOLSKIE|M|18|106
2021-02|02|WOJ. DOLNOLSKIE|M|33|10
2021-02|02|WOJ. DOLNOLSKIE|M|41|6
2021-02|02|WOJ. DOLNOLSKIE|M|70|1
2021-02|02|WOJ. DOLNOLSKIE|M|28|19
2021-02|02|WOJ. DOLNOLSKIE|M|50|1
2021-02|02|WOJ. DOLNOLSKIE|M|42|4
2021-02|02|WOJ. DOLNOLSKIE|M|23|28
2021-02|02|WOJ. DOLNOLSKIE|M|26|19
2021-02|02|WOJ. DOLNOLSKIE|M|27|16
2021-02|02|WOJ. DOLNOLSKIE|M|54|2
2021-02|02|WOJ. DOLNOLSKIE|M|40|5
2021-02|02|WOJ. DOLNOLSKIE|M|45|4
2021-02|02|WOJ. DOLNOLSKIE|M|43|3
2021-02|02|WOJ. DOLNOLSKIE|M|52|2
2021-02|02|WOJ. DOLNOLSKIE|M|53|1
2021-02|02|WOJ. DOLNOLSKIE|M|17|2
2021-02|02|WOJ. DOLNOLSKIE|M|49|3
2021-02|02|WOJ. DOLNOLSKIE|M|15|1
2021-02|02|WOJ. DOLNOLSKIE|M|19|492
2021-02|02|WOJ. DOLNOLSKIE|M|30|15
2021-02|02|WOJ. DOLNOLSKIE|M|20|98
2021-02|02|WOJ. DOLNOLSKIE|M|35|15
2021-02|02|WOJ. DOLNOLSKIE|M|55|1
2021-02|02|WOJ. DOLNOLSKIE|M|32|9
2021-02|02|WOJ. DOLNOLSKIE|M|38|11
2021-02|02|WOJ. DOLNOLSKIE|M|36|13
2021-02|02|WOJ. DOLNOLSKIE|M|47|2
2021-02|02|WOJ. DOLNOLSKIE|M|44|1
2021-02|02|WOJ. DOLNOLSKIE|M|69|1
2021-02|02|WOJ. DOLNOLSKIE|M|60|1
2021-02|02|WOJ. DOLNOLSKIE|M|25|22
2021-02|02|WOJ. DOLNOLSKIE|M|48|2
2021-02|02|WOJ. DOLNOLSKIE|M|51|2
2021-02|02|WOJ. DOLNOLSKIE|M|62|1
2021-02|02|WOJ. DOLNOLSKIE|M|22|38
2021-02|02|WOJ. DOLNOLSKIE|M|29|11
2021-02|04|WOJ. KUJAWSKO-POMORSKIE|K|47|3
2021-02|04|WOJ. KUJAWSKO-POMORSKIE|K|44|2
2021-02|04|WOJ. KUJAWSKO-POMORSKIE|K|30|11
2021-02|04|WOJ. KUJAWSKO-POMORSKIE|K|31|11
2021-02|04|WOJ. KUJAWSKO-POMORSKIE|K|52|4
2021-02|04|WOJ. KUJAWSKO-POMORSKIE|K|33|15
2021-02|04|WOJ. KUJAWSKO-POMORSKIE|K|22|24
2021-02|04|WOJ. KUJAWSKO-POMORSKIE|K|24|21
2021-02|04|WOJ. KUJAWSKO-POMORSKIE|K|37|10
2021-02|04|WOJ. KUJAWSKO-POMORSKIE|K|50|6
2021-02|04|WOJ. KUJAWSKO-POMORSKIE|K|61|1
2021-02|04|WOJ. KUJAWSKO-POMORSKIE|K|34|6
2021-02|04|WOJ. KUJAWSKO-POMORSKIE|K|36|7
2021-02|04|WOJ. KUJAWSKO-POMORSKIE|K|27|20
2021-02|04|WOJ. KUJAWSKO-POMORSKIE|K|32|11
2021-02|04|WOJ. KUJAWSKO-POMORSKIE|K|35|6
2021-02|04|WOJ. KUJAWSKO-POMORSKIE|K|41|5
2021-02|04|WOJ. KUJAWSKO-POMORSKIE|K|45|2
2021-02|04|WOJ. KUJAWSKO-POMORSKIE|K|46|3
2021-02|04|WOJ. KUJAWSKO-POMORSKIE|K|54|1
2021-02|04|WOJ. KUJAWSKO-POMORSKIE|K|57|1
2021-02|04|WOJ. KUJAWSKO-POMORSKIE|K|51|2
2021-02|04|WOJ. KUJAWSKO-POMORSKIE|K|49|3
2021-02|04|WOJ. KUJAWSKO-POMORSKIE|K|56|2
2021-02|04|WOJ. KUJAWSKO-POMORSKIE|K|19|372
2021-02|04|WOJ. KUJAWSKO-POMORSKIE|K|38|7
2021-02|04|WOJ. KUJAWSKO-POMORSKIE|K|28|16
2021-02|04|WOJ. KUJAWSKO-POMORSKIE|K|29|5
2021-02|04|WOJ. KUJAWSKO-POMORSKIE|K|60|2
2021-02|04|WOJ. KUJAWSKO-POMORSKIE|K|53|1
2021-02|04|WOJ. KUJAWSKO-POMORSKIE|K|58|1
2021-02|04|WOJ. KUJAWSKO-POMORSKIE|K|20|66
2021-02|04|WOJ. KUJAWSKO-POMORSKIE|K|23|19
2021-02|04|WOJ. KUJAWSKO-POMORSKIE|K|39|4
2021-02|04|WOJ. KUJAWSKO-POMORSKIE|K|21|34
2021-02|04|WOJ. KUJAWSKO-POMORSKIE|K|26|16
2021-02|04|WOJ. KUJAWSKO-POMORSKIE|K|18|73
2021-02|04|WOJ. KUJAWSKO-POMORSKIE|K|48|2
2021-02|04|WOJ. KUJAWSKO-POMORSKIE|K|40|5
2021-02|04|WOJ. KUJAWSKO-POMORSKIE|K|55|1
2021-02|04|WOJ. KUJAWSKO-POMORSKIE|K|42|11
2021-02|04|WOJ. KUJAWSKO-POMORSKIE|K|25|22
2021-02|04|WOJ. KUJAWSKO-POMORSKIE|K|43|7
2021-02|04|WOJ. KUJAWSKO-POMORSKIE|M|26|10
2021-02|04|WOJ. KUJAWSKO-POMORSKIE|M|39|5
2021-02|04|WOJ. KUJAWSKO-POMORSKIE|M|45|2
2021-02|04|WOJ. KUJAWSKO-POMORSKIE|M|41|4
2021-02|04|WOJ. KUJAWSKO-POMORSKIE|M|19|387
2021-02|04|WOJ. KUJAWSKO-POMORSKIE|M|20|74
2021-02|04|WOJ. KUJAWSKO-POMORSKIE|M|18|91
2021-02|04|WOJ. KUJAWSKO-POMORSKIE|M|28|12
2021-02|04|WOJ. KUJAWSKO-POMORSKIE|M|17|8
2021-02|04|WOJ. KUJAWSKO-POMORSKIE|M|40|7
2021-02|04|WOJ. KUJAWSKO-POMORSKIE|M|50|1
2021-02|04|WOJ. KUJAWSKO-POMORSKIE|M|48|2
2021-02|04|WOJ. KUJAWSKO-POMORSKIE|M|53|1
2021-02|04|WOJ. KUJAWSKO-POMORSKIE|M|43|2
2021-02|04|WOJ. KUJAWSKO-POMORSKIE|M|23|8
2021-02|04|WOJ. KUJAWSKO-POMORSKIE|M|46|1
2021-02|04|WOJ. KUJAWSKO-POMORSKIE|M|31|6
2021-02|04|WOJ. KUJAWSKO-POMORSKIE|M|30|10
2021-02|04|WOJ. KUJAWSKO-POMORSKIE|M|36|5
2021-02|04|WOJ. KUJAWSKO-POMORSKIE|M|47|2
2021-02|04|WOJ. KUJAWSKO-POMORSKIE|M|35|3
2021-02|04|WOJ. KUJAWSKO-POMORSKIE|M|22|22
2021-02|04|WOJ. KUJAWSKO-POMORSKIE|M|24|10
2021-02|04|WOJ. KUJAWSKO-POMORSKIE|M|42|2
2021-02|04|WOJ. KUJAWSKO-POMORSKIE|M|37|6
2021-02|04|WOJ. KUJAWSKO-POMORSKIE|M|55|1
2021-02|04|WOJ. KUJAWSKO-POMORSKIE|M|29|8
2021-02|04|WOJ. KUJAWSKO-POMORSKIE|M|44|3
2021-02|04|WOJ. KUJAWSKO-POMORSKIE|M|25|17
2021-02|04|WOJ. KUJAWSKO-POMORSKIE|M|32|5
2021-02|04|WOJ. KUJAWSKO-POMORSKIE|M|33|8
2021-02|04|WOJ. KUJAWSKO-POMORSKIE|M|51|1
2021-02|04|WOJ. KUJAWSKO-POMORSKIE|M|34|12
2021-02|04|WOJ. KUJAWSKO-POMORSKIE|M|38|5
2021-02|04|WOJ. KUJAWSKO-POMORSKIE|M|21|28
2021-02|04|WOJ. KUJAWSKO-POMORSKIE|M|27|11
2021-02|06|WOJ. LUBELSKIE|K|27|28
2021-02|06|WOJ. LUBELSKIE|K|40|5
2021-02|06|WOJ. LUBELSKIE|K|25|23
2021-02|06|WOJ. LUBELSKIE|K|38|5
2021-02|06|WOJ. LUBELSKIE|K|41|4
2021-02|06|WOJ. LUBELSKIE|K|53|2
2021-02|06|WOJ. LUBELSKIE|K|46|2
2021-02|06|WOJ. LUBELSKIE|K|18|162
2021-02|06|WOJ. LUBELSKIE|K|26|22
2021-02|06|WOJ. LUBELSKIE|K|31|17
2021-02|06|WOJ. LUBELSKIE|K|37|10
2021-02|06|WOJ. LUBELSKIE|K|55|1
2021-02|06|WOJ. LUBELSKIE|K|42|3
2021-02|06|WOJ. LUBELSKIE|K|52|2
2021-02|06|WOJ. LUBELSKIE|K|44|3
2021-02|06|WOJ. LUBELSKIE|K|35|6
2021-02|06|WOJ. LUBELSKIE|K|19|362
2021-02|06|WOJ. LUBELSKIE|K|22|23
2021-02|06|WOJ. LUBELSKIE|K|49|2
2021-02|06|WOJ. LUBELSKIE|K|29|13
2021-02|06|WOJ. LUBELSKIE|K|32|9
2021-02|06|WOJ. LUBELSKIE|K|16|1
2021-02|06|WOJ. LUBELSKIE|K|54|2
2021-02|06|WOJ. LUBELSKIE|K|39|8
2021-02|06|WOJ. LUBELSKIE|K|28|17
2021-02|06|WOJ. LUBELSKIE|K|33|10
2021-02|06|WOJ. LUBELSKIE|K|20|92
2021-02|06|WOJ. LUBELSKIE|K|58|1
2021-02|06|WOJ. LUBELSKIE|K|48|4
2021-02|06|WOJ. LUBELSKIE|K|47|5
2021-02|06|WOJ. LUBELSKIE|K|63|1
2021-02|06|WOJ. LUBELSKIE|K|34|15
2021-02|06|WOJ. LUBELSKIE|K|45|5
2021-02|06|WOJ. LUBELSKIE|K|43|7
2021-02|06|WOJ. LUBELSKIE|K|59|1
2021-02|06|WOJ. LUBELSKIE|K|60|1
2021-02|06|WOJ. LUBELSKIE|K|61|1
2021-02|06|WOJ. LUBELSKIE|K|24|22
2021-02|06|WOJ. LUBELSKIE|K|56|1
2021-02|06|WOJ. LUBELSKIE|K|57|1
2021-02|06|WOJ. LUBELSKIE|K|51|3
2021-02|06|WOJ. LUBELSKIE|K|21|43
2021-02|06|WOJ. LUBELSKIE|K|23|26
2021-02|06|WOJ. LUBELSKIE|K|30|15
2021-02|06|WOJ. LUBELSKIE|K|36|12
2021-02|06|WOJ. LUBELSKIE|M|28|12
2021-02|06|WOJ. LUBELSKIE|M|35|10
2021-02|06|WOJ. LUBELSKIE|M|46|4
2021-02|06|WOJ. LUBELSKIE|M|52|1
2021-02|06|WOJ. LUBELSKIE|M|37|9
2021-02|06|WOJ. LUBELSKIE|M|43|3
2021-02|06|WOJ. LUBELSKIE|M|29|5
2021-02|06|WOJ. LUBELSKIE|M|18|185
2021-02|06|WOJ. LUBELSKIE|M|32|7
2021-02|06|WOJ. LUBELSKIE|M|23|10
2021-02|06|WOJ. LUBELSKIE|M|44|4
2021-02|06|WOJ. LUBELSKIE|M|34|6
2021-02|06|WOJ. LUBELSKIE|M|56|1
2021-02|06|WOJ. LUBELSKIE|M|51|1
2021-02|06|WOJ. LUBELSKIE|M|33|8
2021-02|06|WOJ. LUBELSKIE|M|25|12
2021-02|06|WOJ. LUBELSKIE|M|47|2
2021-02|06|WOJ. LUBELSKIE|M|38|6
2021-02|06|WOJ. LUBELSKIE|M|41|2
2021-02|06|WOJ. LUBELSKIE|M|31|6
2021-02|06|WOJ. LUBELSKIE|M|27|15
2021-02|06|WOJ. LUBELSKIE|M|22|21
2021-02|06|WOJ. LUBELSKIE|M|49|3
2021-02|06|WOJ. LUBELSKIE|M|54|2
2021-02|06|WOJ. LUBELSKIE|M|40|2
2021-02|06|WOJ. LUBELSKIE|M|21|34
2021-02|06|WOJ. LUBELSKIE|M|42|4
2021-02|06|WOJ. LUBELSKIE|M|17|9
2021-02|06|WOJ. LUBELSKIE|M|30|12
2021-02|06|WOJ. LUBELSKIE|M|36|3
2021-02|06|WOJ. LUBELSKIE|M|45|2
2021-02|06|WOJ. LUBELSKIE|M|16|2
2021-02|06|WOJ. LUBELSKIE|M|19|393
2021-02|06|WOJ. LUBELSKIE|M|24|22
2021-02|06|WOJ. LUBELSKIE|M|26|13
2021-02|06|WOJ. LUBELSKIE|M|50|2
2021-02|06|WOJ. LUBELSKIE|M|71|1
2021-02|06|WOJ. LUBELSKIE|M|20|71
2021-02|06|WOJ. LUBELSKIE|M|39|5
2021-02|08|WOJ. LUBUSKIE|K|52|1
2021-02|08|WOJ. LUBUSKIE|K|51|2
2021-02|08|WOJ. LUBUSKIE|K|33|7
2021-02|08|WOJ. LUBUSKIE|K|35|3
2021-02|08|WOJ. LUBUSKIE|K|29|6
2021-02|08|WOJ. LUBUSKIE|K|28|2
2021-02|08|WOJ. LUBUSKIE|K|43|1
2021-02|08|WOJ. LUBUSKIE|K|18|25
2021-02|08|WOJ. LUBUSKIE|K|42|5
2021-02|08|WOJ. LUBUSKIE|K|56|2
2021-02|08|WOJ. LUBUSKIE|K|39|4
2021-02|08|WOJ. LUBUSKIE|K|37|2
2021-02|08|WOJ. LUBUSKIE|K|27|3
2021-02|08|WOJ. LUBUSKIE|K|32|3
2021-02|08|WOJ. LUBUSKIE|K|25|6
2021-02|08|WOJ. LUBUSKIE|K|66|1
2021-02|08|WOJ. LUBUSKIE|K|54|1
2021-02|08|WOJ. LUBUSKIE|K|26|7
2021-02|08|WOJ. LUBUSKIE|K|22|15
2021-02|08|WOJ. LUBUSKIE|K|21|14
2021-02|08|WOJ. LUBUSKIE|K|23|10
2021-02|08|WOJ. LUBUSKIE|K|44|3
2021-02|08|WOJ. LUBUSKIE|K|68|1
2021-02|08|WOJ. LUBUSKIE|K|65|1
2021-02|08|WOJ. LUBUSKIE|K|49|1
2021-02|08|WOJ. LUBUSKIE|K|41|1
2021-02|08|WOJ. LUBUSKIE|K|48|4
2021-02|08|WOJ. LUBUSKIE|K|45|2
2021-02|08|WOJ. LUBUSKIE|K|50|1
2021-02|08|WOJ. LUBUSKIE|K|47|1
2021-02|08|WOJ. LUBUSKIE|K|46|2
2021-02|08|WOJ. LUBUSKIE|K|19|187
2021-02|08|WOJ. LUBUSKIE|K|20|41
2021-02|08|WOJ. LUBUSKIE|K|30|8
2021-02|08|WOJ. LUBUSKIE|K|24|9
2021-02|08|WOJ. LUBUSKIE|K|36|4
2021-02|08|WOJ. LUBUSKIE|K|40|2
2021-02|08|WOJ. LUBUSKIE|K|57|1
2021-02|08|WOJ. LUBUSKIE|K|34|7
2021-02|08|WOJ. LUBUSKIE|K|63|1
2021-02|08|WOJ. LUBUSKIE|K|38|1
2021-02|08|WOJ. LUBUSKIE|K|31|6
2021-02|08|WOJ. LUBUSKIE|M|38|2
2021-02|08|WOJ. LUBUSKIE|M|36|1
2021-02|08|WOJ. LUBUSKIE|M|44|3
2021-02|08|WOJ. LUBUSKIE|M|60|1
2021-02|08|WOJ. LUBUSKIE|M|40|5
2021-02|08|WOJ. LUBUSKIE|M|56|2
2021-02|08|WOJ. LUBUSKIE|M|53|1
2021-02|08|WOJ. LUBUSKIE|M|23|7
2021-02|08|WOJ. LUBUSKIE|M|24|7
2021-02|08|WOJ. LUBUSKIE|M|35|7
2021-02|08|WOJ. LUBUSKIE|M|32|1
2021-02|08|WOJ. LUBUSKIE|M|25|6
2021-02|08|WOJ. LUBUSKIE|M|61|1
2021-02|08|WOJ. LUBUSKIE|M|41|3
2021-02|08|WOJ. LUBUSKIE|M|22|19
2021-02|08|WOJ. LUBUSKIE|M|18|31
2021-02|08|WOJ. LUBUSKIE|M|39|2
2021-02|08|WOJ. LUBUSKIE|M|43|1
2021-02|08|WOJ. LUBUSKIE|M|19|170
2021-02|08|WOJ. LUBUSKIE|M|37|3
2021-02|08|WOJ. LUBUSKIE|M|17|1
2021-02|08|WOJ. LUBUSKIE|M|20|31
2021-02|08|WOJ. LUBUSKIE|M|42|1
2021-02|08|WOJ. LUBUSKIE|M|29|3
2021-02|08|WOJ. LUBUSKIE|M|31|2
2021-02|08|WOJ. LUBUSKIE|M|21|23
2021-02|08|WOJ. LUBUSKIE|M|33|4
2021-02|08|WOJ. LUBUSKIE|M|27|6
2021-02|08|WOJ. LUBUSKIE|M|34|5
2021-02|08|WOJ. LUBUSKIE|M|26|12
2021-02|08|WOJ. LUBUSKIE|M|28|5
2021-02|08|WOJ. LUBUSKIE|M|52|2
2021-02|08|WOJ. LUBUSKIE|M|16|1
2021-02|10|WOJ. DZKIE|K|61|2
2021-02|10|WOJ. DZKIE|K|33|13
2021-02|10|WOJ. DZKIE|K|22|17
2021-02|10|WOJ. DZKIE|K|21|31
2021-02|10|WOJ. DZKIE|K|23|22
2021-02|10|WOJ. DZKIE|K|31|9
2021-02|10|WOJ. DZKIE|K|25|22
2021-02|10|WOJ. DZKIE|K|19|484
2021-02|10|WOJ. DZKIE|K|50|4
2021-02|10|WOJ. DZKIE|K|43|2
2021-02|10|WOJ. DZKIE|K|71|1
2021-02|10|WOJ. DZKIE|K|42|5
2021-02|10|WOJ. DZKIE|K|44|1
2021-02|10|WOJ. DZKIE|K|37|6
2021-02|10|WOJ. DZKIE|K|27|17
2021-02|10|WOJ. DZKIE|K|47|4
2021-02|10|WOJ. DZKIE|K|45|7
2021-02|10|WOJ. DZKIE|K|40|7
2021-02|10|WOJ. DZKIE|K|57|1
2021-02|10|WOJ. DZKIE|K|48|3
2021-02|10|WOJ. DZKIE|K|36|9
2021-02|10|WOJ. DZKIE|K|55|2
2021-02|10|WOJ. DZKIE|K|41|5
2021-02|10|WOJ. DZKIE|K|20|89
2021-02|10|WOJ. DZKIE|K|30|11
2021-02|10|WOJ. DZKIE|K|24|14
2021-02|10|WOJ. DZKIE|K|34|7
2021-02|10|WOJ. DZKIE|K|39|2
2021-02|10|WOJ. DZKIE|K|16|1
2021-02|10|WOJ. DZKIE|K|58|1
2021-02|10|WOJ. DZKIE|K|46|2
2021-02|10|WOJ. DZKIE|K|52|1
2021-02|10|WOJ. DZKIE|K|17|4
2021-02|10|WOJ. DZKIE|K|51|3
2021-02|10|WOJ. DZKIE|K|18|109
2021-02|10|WOJ. DZKIE|K|32|16
2021-02|10|WOJ. DZKIE|K|38|10
2021-02|10|WOJ. DZKIE|K|35|6
2021-02|10|WOJ. DZKIE|K|29|13
2021-02|10|WOJ. DZKIE|K|49|7
2021-02|10|WOJ. DZKIE|K|26|19
2021-02|10|WOJ. DZKIE|K|28|17
2021-02|10|WOJ. DZKIE|M|47|1
2021-02|10|WOJ. DZKIE|M|52|2
2021-02|10|WOJ. DZKIE|M|26|17
2021-02|10|WOJ. DZKIE|M|23|15
2021-02|10|WOJ. DZKIE|M|20|90
2021-02|10|WOJ. DZKIE|M|35|5
2021-02|10|WOJ. DZKIE|M|27|17
2021-02|10|WOJ. DZKIE|M|57|1
2021-02|10|WOJ. DZKIE|M|38|1
2021-02|10|WOJ. DZKIE|M|21|35
2021-02|10|WOJ. DZKIE|M|30|13
2021-02|10|WOJ. DZKIE|M|34|11
2021-02|10|WOJ. DZKIE|M|17|5
2021-02|10|WOJ. DZKIE|M|48|2
2021-02|10|WOJ. DZKIE|M|53|1
2021-02|10|WOJ. DZKIE|M|25|14
2021-02|10|WOJ. DZKIE|M|19|471
2021-02|10|WOJ. DZKIE|M|24|14
2021-02|10|WOJ. DZKIE|M|33|6
2021-02|10|WOJ. DZKIE|M|22|17
2021-02|10|WOJ. DZKIE|M|42|3
2021-02|10|WOJ. DZKIE|M|29|9
2021-02|10|WOJ. DZKIE|M|37|5
2021-02|10|WOJ. DZKIE|M|50|2
2021-02|10|WOJ. DZKIE|M|46|3
2021-02|10|WOJ. DZKIE|M|78|1
2021-02|10|WOJ. DZKIE|M|32|8
2021-02|10|WOJ. DZKIE|M|43|3
2021-02|10|WOJ. DZKIE|M|55|1
2021-02|10|WOJ. DZKIE|M|39|4
2021-02|10|WOJ. DZKIE|M|36|5
2021-02|10|WOJ. DZKIE|M|62|1
2021-02|10|WOJ. DZKIE|M|28|9
2021-02|10|WOJ. DZKIE|M|31|5
2021-02|10|WOJ. DZKIE|M|41|6
2021-02|10|WOJ. DZKIE|M|44|2
2021-02|10|WOJ. DZKIE|M|40|5
2021-02|10|WOJ. DZKIE|M|18|179
2021-02|12|WOJ. MAOPOLSKIE|K|48|5
2021-02|12|WOJ. MAOPOLSKIE|K|50|2
2021-02|12|WOJ. MAOPOLSKIE|K|40|14
2021-02|12|WOJ. MAOPOLSKIE|K|18|173
2021-02|12|WOJ. MAOPOLSKIE|K|32|29
2021-02|12|WOJ. MAOPOLSKIE|K|37|16
2021-02|12|WOJ. MAOPOLSKIE|K|42|8
2021-02|12|WOJ. MAOPOLSKIE|K|61|2
2021-02|12|WOJ. MAOPOLSKIE|K|39|10
2021-02|12|WOJ. MAOPOLSKIE|K|44|10
2021-02|12|WOJ. MAOPOLSKIE|K|51|3
2021-02|12|WOJ. MAOPOLSKIE|K|54|2
2021-02|12|WOJ. MAOPOLSKIE|K|56|3
2021-02|12|WOJ. MAOPOLSKIE|K|36|13
2021-02|12|WOJ. MAOPOLSKIE|K|52|4
2021-02|12|WOJ. MAOPOLSKIE|K|63|1
2021-02|12|WOJ. MAOPOLSKIE|K|41|11
2021-02|12|WOJ. MAOPOLSKIE|K|19|850
2021-02|12|WOJ. MAOPOLSKIE|K|28|23
2021-02|12|WOJ. MAOPOLSKIE|K|21|68
2021-02|12|WOJ. MAOPOLSKIE|K|58|1
2021-02|12|WOJ. MAOPOLSKIE|K|57|3
2021-02|12|WOJ. MAOPOLSKIE|K|55|2
2021-02|12|WOJ. MAOPOLSKIE|K|30|22
2021-02|12|WOJ. MAOPOLSKIE|K|24|38
2021-02|12|WOJ. MAOPOLSKIE|K|23|34
2021-02|12|WOJ. MAOPOLSKIE|K|53|4
2021-02|12|WOJ. MAOPOLSKIE|K|27|47
2021-02|12|WOJ. MAOPOLSKIE|K|20|209
2021-02|12|WOJ. MAOPOLSKIE|K|33|15
2021-02|12|WOJ. MAOPOLSKIE|K|31|33
2021-02|12|WOJ. MAOPOLSKIE|K|43|1
2021-02|12|WOJ. MAOPOLSKIE|K|17|2
2021-02|12|WOJ. MAOPOLSKIE|K|38|8
2021-02|12|WOJ. MAOPOLSKIE|K|49|3
2021-02|12|WOJ. MAOPOLSKIE|K|47|2
2021-02|12|WOJ. MAOPOLSKIE|K|34|13
2021-02|12|WOJ. MAOPOLSKIE|K|29|24
2021-02|12|WOJ. MAOPOLSKIE|K|26|39
2021-02|12|WOJ. MAOPOLSKIE|K|22|38
2021-02|12|WOJ. MAOPOLSKIE|K|46|6
2021-02|12|WOJ. MAOPOLSKIE|K|25|46
2021-02|12|WOJ. MAOPOLSKIE|K|45|3
2021-02|12|WOJ. MAOPOLSKIE|K|65|1
2021-02|12|WOJ. MAOPOLSKIE|K|35|18
2021-02|12|WOJ. MAOPOLSKIE|M|22|28
2021-02|12|WOJ. MAOPOLSKIE|M|34|17
2021-02|12|WOJ. MAOPOLSKIE|M|30|14
2021-02|12|WOJ. MAOPOLSKIE|M|20|168
2021-02|12|WOJ. MAOPOLSKIE|M|23|30
2021-02|12|WOJ. MAOPOLSKIE|M|46|2
2021-02|12|WOJ. MAOPOLSKIE|M|39|4
2021-02|12|WOJ. MAOPOLSKIE|M|49|1
2021-02|12|WOJ. MAOPOLSKIE|M|51|1
2021-02|12|WOJ. MAOPOLSKIE|M|24|22
2021-02|12|WOJ. MAOPOLSKIE|M|44|3
2021-02|12|WOJ. MAOPOLSKIE|M|33|12
2021-02|12|WOJ. MAOPOLSKIE|M|26|25
2021-02|12|WOJ. MAOPOLSKIE|M|36|14
2021-02|12|WOJ. MAOPOLSKIE|M|48|4
2021-02|12|WOJ. MAOPOLSKIE|M|40|7
2021-02|12|WOJ. MAOPOLSKIE|M|32|17
2021-02|12|WOJ. MAOPOLSKIE|M|27|16
2021-02|12|WOJ. MAOPOLSKIE|M|28|19
2021-02|12|WOJ. MAOPOLSKIE|M|38|10
2021-02|12|WOJ. MAOPOLSKIE|M|37|5
2021-02|12|WOJ. MAOPOLSKIE|M|57|1
2021-02|12|WOJ. MAOPOLSKIE|M|41|4
2021-02|12|WOJ. MAOPOLSKIE|M|21|80
2021-02|12|WOJ. MAOPOLSKIE|M|18|214
2021-02|12|WOJ. MAOPOLSKIE|M|29|16
2021-02|12|WOJ. MAOPOLSKIE|M|17|5
2021-02|12|WOJ. MAOPOLSKIE|M|47|2
2021-02|12|WOJ. MAOPOLSKIE|M|45|5
2021-02|12|WOJ. MAOPOLSKIE|M|35|8
2021-02|12|WOJ. MAOPOLSKIE|M|70|1
2021-02|12|WOJ. MAOPOLSKIE|M|16|2
2021-02|12|WOJ. MAOPOLSKIE|M|50|1
2021-02|12|WOJ. MAOPOLSKIE|M|42|3
2021-02|12|WOJ. MAOPOLSKIE|M|43|2
2021-02|12|WOJ. MAOPOLSKIE|M|19|813
2021-02|12|WOJ. MAOPOLSKIE|M|55|1
2021-02|12|WOJ. MAOPOLSKIE|M|31|8
2021-02|12|WOJ. MAOPOLSKIE|M|25|22
2021-02|14|WOJ. MAZOWIECKIE|K|58|2
2021-02|14|WOJ. MAZOWIECKIE|K|40|18
2021-02|14|WOJ. MAZOWIECKIE|K|25|45
2021-02|14|WOJ. MAZOWIECKIE|K|33|22
2021-02|14|WOJ. MAZOWIECKIE|K|42|12
2021-02|14|WOJ. MAZOWIECKIE|K|39|16
2021-02|14|WOJ. MAZOWIECKIE|K|31|45
2021-02|14|WOJ. MAZOWIECKIE|K|32|30
2021-02|14|WOJ. MAZOWIECKIE|K|17|8
2021-02|14|WOJ. MAZOWIECKIE|K|44|5
2021-02|14|WOJ. MAZOWIECKIE|K|46|8
2021-02|14|WOJ. MAZOWIECKIE|K|57|7
2021-02|14|WOJ. MAZOWIECKIE|K|19|926
2021-02|14|WOJ. MAZOWIECKIE|K|26|66
2021-02|14|WOJ. MAZOWIECKIE|K|43|9
2021-02|14|WOJ. MAZOWIECKIE|K|50|6
2021-02|14|WOJ. MAZOWIECKIE|K|56|1
2021-02|14|WOJ. MAZOWIECKIE|K|49|5
2021-02|14|WOJ. MAZOWIECKIE|K|55|1
2021-02|14|WOJ. MAZOWIECKIE|K|30|37
2021-02|14|WOJ. MAZOWIECKIE|K|52|6
2021-02|14|WOJ. MAZOWIECKIE|K|29|61
2021-02|14|WOJ. MAZOWIECKIE|K|35|22
2021-02|14|WOJ. MAZOWIECKIE|K|64|3
2021-02|14|WOJ. MAZOWIECKIE|K|51|4
2021-02|14|WOJ. MAZOWIECKIE|K|67|1
2021-02|14|WOJ. MAZOWIECKIE|K|63|1
2021-02|14|WOJ. MAZOWIECKIE|K|18|224
2021-02|14|WOJ. MAZOWIECKIE|K|24|56
2021-02|14|WOJ. MAZOWIECKIE|K|54|6
2021-02|14|WOJ. MAZOWIECKIE|K|48|6
2021-02|14|WOJ. MAZOWIECKIE|K|47|3
2021-02|14|WOJ. MAZOWIECKIE|K|20|268
2021-02|14|WOJ. MAZOWIECKIE|K|28|48
2021-02|14|WOJ. MAZOWIECKIE|K|62|1
2021-02|14|WOJ. MAZOWIECKIE|K|23|82
2021-02|14|WOJ. MAZOWIECKIE|K|22|75
2021-02|14|WOJ. MAZOWIECKIE|K|37|29
2021-02|14|WOJ. MAZOWIECKIE|K|38|21
2021-02|14|WOJ. MAZOWIECKIE|K|61|2
2021-02|14|WOJ. MAZOWIECKIE|K|53|2
2021-02|14|WOJ. MAZOWIECKIE|K|59|1
2021-02|14|WOJ. MAZOWIECKIE|K|45|10
2021-02|14|WOJ. MAZOWIECKIE|K|69|1
2021-02|14|WOJ. MAZOWIECKIE|K|21|117
2021-02|14|WOJ. MAZOWIECKIE|K|36|26
2021-02|14|WOJ. MAZOWIECKIE|K|41|17
2021-02|14|WOJ. MAZOWIECKIE|K|34|26
2021-02|14|WOJ. MAZOWIECKIE|K|27|46
2021-02|14|WOJ. MAZOWIECKIE|M|33|23
2021-02|14|WOJ. MAZOWIECKIE|M|18|294
2021-02|14|WOJ. MAZOWIECKIE|M|25|39
2021-02|14|WOJ. MAZOWIECKIE|M|42|6
2021-02|14|WOJ. MAZOWIECKIE|M|29|35
2021-02|14|WOJ. MAZOWIECKIE|M|38|13
2021-02|14|WOJ. MAZOWIECKIE|M|37|11
2021-02|14|WOJ. MAZOWIECKIE|M|46|4
2021-02|14|WOJ. MAZOWIECKIE|M|27|26
2021-02|14|WOJ. MAZOWIECKIE|M|43|9
2021-02|14|WOJ. MAZOWIECKIE|M|50|2
2021-02|14|WOJ. MAZOWIECKIE|M|54|2
2021-02|14|WOJ. MAZOWIECKIE|M|52|1
2021-02|14|WOJ. MAZOWIECKIE|M|61|1
2021-02|14|WOJ. MAZOWIECKIE|M|23|50
2021-02|14|WOJ. MAZOWIECKIE|M|31|23
2021-02|14|WOJ. MAZOWIECKIE|M|39|9
2021-02|14|WOJ. MAZOWIECKIE|M|30|22
2021-02|14|WOJ. MAZOWIECKIE|M|16|5
2021-02|14|WOJ. MAZOWIECKIE|M|65|1
2021-02|14|WOJ. MAZOWIECKIE|M|57|1
2021-02|14|WOJ. MAZOWIECKIE|M|51|6
2021-02|14|WOJ. MAZOWIECKIE|M|49|1
2021-02|14|WOJ. MAZOWIECKIE|M|19|1068
2021-02|14|WOJ. MAZOWIECKIE|M|20|241
2021-02|14|WOJ. MAZOWIECKIE|M|22|58
2021-02|14|WOJ. MAZOWIECKIE|M|21|105
2021-02|14|WOJ. MAZOWIECKIE|M|34|29
2021-02|14|WOJ. MAZOWIECKIE|M|17|19
2021-02|14|WOJ. MAZOWIECKIE|M|41|16
2021-02|14|WOJ. MAZOWIECKIE|M|35|13
2021-02|14|WOJ. MAZOWIECKIE|M|40|7
2021-02|14|WOJ. MAZOWIECKIE|M|44|6
2021-02|14|WOJ. MAZOWIECKIE|M|55|1
2021-02|14|WOJ. MAZOWIECKIE|M|45|2
2021-02|14|WOJ. MAZOWIECKIE|M|53|1
2021-02|14|WOJ. MAZOWIECKIE|M|24|45
2021-02|14|WOJ. MAZOWIECKIE|M|32|22
2021-02|14|WOJ. MAZOWIECKIE|M|26|50
2021-02|14|WOJ. MAZOWIECKIE|M|62|2
2021-02|14|WOJ. MAZOWIECKIE|M|48|1
2021-02|14|WOJ. MAZOWIECKIE|M|28|31
2021-02|14|WOJ. MAZOWIECKIE|M|36|20
2021-02|14|WOJ. MAZOWIECKIE|M|47|3
2021-02|16|WOJ. OPOLSKIE|K|25|7
2021-02|16|WOJ. OPOLSKIE|K|29|7
2021-02|16|WOJ. OPOLSKIE|K|55|1
2021-02|16|WOJ. OPOLSKIE|K|21|16
2021-02|16|WOJ. OPOLSKIE|K|26|9
2021-02|16|WOJ. OPOLSKIE|K|35|3
2021-02|16|WOJ. OPOLSKIE|K|32|6
2021-02|16|WOJ. OPOLSKIE|K|51|1
2021-02|16|WOJ. OPOLSKIE|K|23|5
2021-02|16|WOJ. OPOLSKIE|K|59|1
2021-02|16|WOJ. OPOLSKIE|K|33|1
2021-02|16|WOJ. OPOLSKIE|K|53|1
2021-02|16|WOJ. OPOLSKIE|K|48|2
2021-02|16|WOJ. OPOLSKIE|K|19|214
2021-02|16|WOJ. OPOLSKIE|K|20|41
2021-02|16|WOJ. OPOLSKIE|K|31|7
2021-02|16|WOJ. OPOLSKIE|K|42|1
2021-02|16|WOJ. OPOLSKIE|K|18|43
2021-02|16|WOJ. OPOLSKIE|K|24|8
2021-02|16|WOJ. OPOLSKIE|K|38|7
2021-02|16|WOJ. OPOLSKIE|K|65|1
2021-02|16|WOJ. OPOLSKIE|K|47|3
2021-02|16|WOJ. OPOLSKIE|K|58|1
2021-02|16|WOJ. OPOLSKIE|K|45|2
2021-02|16|WOJ. OPOLSKIE|K|34|8
2021-02|16|WOJ. OPOLSKIE|K|36|3
2021-02|16|WOJ. OPOLSKIE|K|40|1
2021-02|16|WOJ. OPOLSKIE|K|27|3
2021-02|16|WOJ. OPOLSKIE|K|46|2
2021-02|16|WOJ. OPOLSKIE|K|17|1
2021-02|16|WOJ. OPOLSKIE|K|50|1
2021-02|16|WOJ. OPOLSKIE|K|41|1
2021-02|16|WOJ. OPOLSKIE|K|28|5
2021-02|16|WOJ. OPOLSKIE|K|56|2
2021-02|16|WOJ. OPOLSKIE|K|22|18
2021-02|16|WOJ. OPOLSKIE|K|52|1
2021-02|16|WOJ. OPOLSKIE|K|39|1
2021-02|16|WOJ. OPOLSKIE|K|30|4
2021-02|16|WOJ. OPOLSKIE|M|17|3
2021-02|16|WOJ. OPOLSKIE|M|30|4
2021-02|16|WOJ. OPOLSKIE|M|28|3
2021-02|16|WOJ. OPOLSKIE|M|35|3
2021-02|16|WOJ. OPOLSKIE|M|34|4
2021-02|16|WOJ. OPOLSKIE|M|33|2
2021-02|16|WOJ. OPOLSKIE|M|16|1
2021-02|16|WOJ. OPOLSKIE|M|27|5
2021-02|16|WOJ. OPOLSKIE|M|25|6
2021-02|16|WOJ. OPOLSKIE|M|68|1
2021-02|16|WOJ. OPOLSKIE|M|62|1
2021-02|16|WOJ. OPOLSKIE|M|20|50
2021-02|16|WOJ. OPOLSKIE|M|41|1
2021-02|16|WOJ. OPOLSKIE|M|44|1
2021-02|16|WOJ. OPOLSKIE|M|32|3
2021-02|16|WOJ. OPOLSKIE|M|37|1
2021-02|16|WOJ. OPOLSKIE|M|45|1
2021-02|16|WOJ. OPOLSKIE|M|31|1
2021-02|16|WOJ. OPOLSKIE|M|29|3
2021-02|16|WOJ. OPOLSKIE|M|40|2
2021-02|16|WOJ. OPOLSKIE|M|36|2
2021-02|16|WOJ. OPOLSKIE|M|39|4
2021-02|16|WOJ. OPOLSKIE|M|54|1
2021-02|16|WOJ. OPOLSKIE|M|55|1
2021-02|16|WOJ. OPOLSKIE|M|21|15
2021-02|16|WOJ. OPOLSKIE|M|24|6
2021-02|16|WOJ. OPOLSKIE|M|43|2
2021-02|16|WOJ. OPOLSKIE|M|47|2
2021-02|16|WOJ. OPOLSKIE|M|18|49
2021-02|16|WOJ. OPOLSKIE|M|19|186
2021-02|16|WOJ. OPOLSKIE|M|22|6
2021-02|16|WOJ. OPOLSKIE|M|26|9
2021-02|16|WOJ. OPOLSKIE|M|23|8
2021-02|18|WOJ. PODKARPACKIE|K|21|32
2021-02|18|WOJ. PODKARPACKIE|K|25|31
2021-02|18|WOJ. PODKARPACKIE|K|35|8
2021-02|18|WOJ. PODKARPACKIE|K|60|1
2021-02|18|WOJ. PODKARPACKIE|K|44|1
2021-02|18|WOJ. PODKARPACKIE|K|46|4
2021-02|18|WOJ. PODKARPACKIE|K|50|4
2021-02|18|WOJ. PODKARPACKIE|K|45|6
2021-02|18|WOJ. PODKARPACKIE|K|38|5
2021-02|18|WOJ. PODKARPACKIE|K|41|4
2021-02|18|WOJ. PODKARPACKIE|K|40|5
2021-02|18|WOJ. PODKARPACKIE|K|37|10
2021-02|18|WOJ. PODKARPACKIE|K|36|7
2021-02|18|WOJ. PODKARPACKIE|K|22|24
2021-02|18|WOJ. PODKARPACKIE|K|47|1
2021-02|18|WOJ. PODKARPACKIE|K|62|1
2021-02|18|WOJ. PODKARPACKIE|K|53|1
2021-02|18|WOJ. PODKARPACKIE|K|23|18
2021-02|18|WOJ. PODKARPACKIE|K|42|4
2021-02|18|WOJ. PODKARPACKIE|K|34|2
2021-02|18|WOJ. PODKARPACKIE|K|52|3
2021-02|18|WOJ. PODKARPACKIE|K|24|12
2021-02|18|WOJ. PODKARPACKIE|K|31|7
2021-02|18|WOJ. PODKARPACKIE|K|61|1
2021-02|18|WOJ. PODKARPACKIE|K|20|78
2021-02|18|WOJ. PODKARPACKIE|K|19|387
2021-02|18|WOJ. PODKARPACKIE|K|18|174
2021-02|18|WOJ. PODKARPACKIE|K|27|15
2021-02|18|WOJ. PODKARPACKIE|K|39|7
2021-02|18|WOJ. PODKARPACKIE|K|49|1
2021-02|18|WOJ. PODKARPACKIE|K|51|2
2021-02|18|WOJ. PODKARPACKIE|K|48|1
2021-02|18|WOJ. PODKARPACKIE|K|55|3
2021-02|18|WOJ. PODKARPACKIE|K|30|11
2021-02|18|WOJ. PODKARPACKIE|K|28|7
2021-02|18|WOJ. PODKARPACKIE|K|54|3
2021-02|18|WOJ. PODKARPACKIE|K|43|9
2021-02|18|WOJ. PODKARPACKIE|K|29|17
2021-02|18|WOJ. PODKARPACKIE|K|26|20
2021-02|18|WOJ. PODKARPACKIE|K|33|9
2021-02|18|WOJ. PODKARPACKIE|K|32|9
2021-02|18|WOJ. PODKARPACKIE|M|34|11
2021-02|18|WOJ. PODKARPACKIE|M|25|12
2021-02|18|WOJ. PODKARPACKIE|M|19|415
2021-02|18|WOJ. PODKARPACKIE|M|24|7
2021-02|18|WOJ. PODKARPACKIE|M|32|12
2021-02|18|WOJ. PODKARPACKIE|M|31|3
2021-02|18|WOJ. PODKARPACKIE|M|29|7
2021-02|18|WOJ. PODKARPACKIE|M|46|1
2021-02|18|WOJ. PODKARPACKIE|M|40|2
2021-02|18|WOJ. PODKARPACKIE|M|39|3
2021-02|18|WOJ. PODKARPACKIE|M|38|2
2021-02|18|WOJ. PODKARPACKIE|M|20|60
2021-02|18|WOJ. PODKARPACKIE|M|18|227
2021-02|18|WOJ. PODKARPACKIE|M|21|22
2021-02|18|WOJ. PODKARPACKIE|M|30|7
2021-02|18|WOJ. PODKARPACKIE|M|17|4
2021-02|18|WOJ. PODKARPACKIE|M|42|7
2021-02|18|WOJ. PODKARPACKIE|M|41|2
2021-02|18|WOJ. PODKARPACKIE|M|28|4
2021-02|18|WOJ. PODKARPACKIE|M|22|16
2021-02|18|WOJ. PODKARPACKIE|M|23|18
2021-02|18|WOJ. PODKARPACKIE|M|51|1
2021-02|18|WOJ. PODKARPACKIE|M|37|4
2021-02|18|WOJ. PODKARPACKIE|M|33|5
2021-02|18|WOJ. PODKARPACKIE|M|54|1
2021-02|18|WOJ. PODKARPACKIE|M|26|14
2021-02|18|WOJ. PODKARPACKIE|M|36|1
2021-02|18|WOJ. PODKARPACKIE|M|27|19
2021-02|18|WOJ. PODKARPACKIE|M|35|4
2021-02|18|WOJ. PODKARPACKIE|M|45|1
2021-02|18|WOJ. PODKARPACKIE|M|43|1
2021-02|18|WOJ. PODKARPACKIE|M|53|1
2021-02|18|WOJ. PODKARPACKIE|M|16|1
2021-02|20|WOJ. PODLASKIE|K|55|2
2021-02|20|WOJ. PODLASKIE|K|38|5
2021-02|20|WOJ. PODLASKIE|K|36|2
2021-02|20|WOJ. PODLASKIE|K|28|4
2021-02|20|WOJ. PODLASKIE|K|18|66
2021-02|20|WOJ. PODLASKIE|K|41|2
2021-02|20|WOJ. PODLASKIE|K|47|2
2021-02|20|WOJ. PODLASKIE|K|35|1
2021-02|20|WOJ. PODLASKIE|K|19|123
2021-02|20|WOJ. PODLASKIE|K|22|9
2021-02|20|WOJ. PODLASKIE|K|39|1
2021-02|20|WOJ. PODLASKIE|K|20|21
2021-02|20|WOJ. PODLASKIE|K|61|1
2021-02|20|WOJ. PODLASKIE|K|21|16
2021-02|20|WOJ. PODLASKIE|K|53|2
2021-02|20|WOJ. PODLASKIE|K|34|4
2021-02|20|WOJ. PODLASKIE|K|30|2
2021-02|20|WOJ. PODLASKIE|K|40|2
2021-02|20|WOJ. PODLASKIE|K|33|5
2021-02|20|WOJ. PODLASKIE|K|44|2
2021-02|20|WOJ. PODLASKIE|K|42|2
2021-02|20|WOJ. PODLASKIE|K|17|1
2021-02|20|WOJ. PODLASKIE|K|56|1
2021-02|20|WOJ. PODLASKIE|K|26|7
2021-02|20|WOJ. PODLASKIE|K|25|5
2021-02|20|WOJ. PODLASKIE|K|52|2
2021-02|20|WOJ. PODLASKIE|K|57|1
2021-02|20|WOJ. PODLASKIE|K|32|2
2021-02|20|WOJ. PODLASKIE|K|23|8
2021-02|20|WOJ. PODLASKIE|K|24|7
2021-02|20|WOJ. PODLASKIE|K|29|6
2021-02|20|WOJ. PODLASKIE|K|51|1
2021-02|20|WOJ. PODLASKIE|K|63|1
2021-02|20|WOJ. PODLASKIE|K|31|4
2021-02|20|WOJ. PODLASKIE|K|27|2
2021-02|20|WOJ. PODLASKIE|K|50|1
2021-02|20|WOJ. PODLASKIE|K|37|5
2021-02|20|WOJ. PODLASKIE|K|48|1
2021-02|20|WOJ. PODLASKIE|M|43|4
2021-02|20|WOJ. PODLASKIE|M|22|6
2021-02|20|WOJ. PODLASKIE|M|51|1
2021-02|20|WOJ. PODLASKIE|M|32|2
2021-02|20|WOJ. PODLASKIE|M|40|1
2021-02|20|WOJ. PODLASKIE|M|31|1
2021-02|20|WOJ. PODLASKIE|M|29|4
2021-02|20|WOJ. PODLASKIE|M|33|4
2021-02|20|WOJ. PODLASKIE|M|25|3
2021-02|20|WOJ. PODLASKIE|M|34|1
2021-02|20|WOJ. PODLASKIE|M|44|2
2021-02|20|WOJ. PODLASKIE|M|23|10
2021-02|20|WOJ. PODLASKIE|M|39|1
2021-02|20|WOJ. PODLASKIE|M|17|4
2021-02|20|WOJ. PODLASKIE|M|20|20
2021-02|20|WOJ. PODLASKIE|M|42|2
2021-02|20|WOJ. PODLASKIE|M|26|4
2021-02|20|WOJ. PODLASKIE|M|46|1
2021-02|20|WOJ. PODLASKIE|M|37|2
2021-02|20|WOJ. PODLASKIE|M|24|5
2021-02|20|WOJ. PODLASKIE|M|16|3
2021-02|20|WOJ. PODLASKIE|M|19|158
2021-02|20|WOJ. PODLASKIE|M|38|1
2021-02|20|WOJ. PODLASKIE|M|28|3
2021-02|20|WOJ. PODLASKIE|M|18|97
2021-02|20|WOJ. PODLASKIE|M|27|6
2021-02|20|WOJ. PODLASKIE|M|41|3
2021-02|20|WOJ. PODLASKIE|M|21|7
2021-02|20|WOJ. PODLASKIE|M|30|3
2021-02|20|WOJ. PODLASKIE|M|35|2
2021-02|22|WOJ. POMORSKIE|K|49|1
2021-02|22|WOJ. POMORSKIE|K|19|460
2021-02|22|WOJ. POMORSKIE|K|30|23
2021-02|22|WOJ. POMORSKIE|K|32|16
2021-02|22|WOJ. POMORSKIE|K|44|7
2021-02|22|WOJ. POMORSKIE|K|42|10
2021-02|22|WOJ. POMORSKIE|K|27|34
2021-02|22|WOJ. POMORSKIE|K|18|51
2021-02|22|WOJ. POMORSKIE|K|38|7
2021-02|22|WOJ. POMORSKIE|K|34|20
2021-02|22|WOJ. POMORSKIE|K|51|4
2021-02|22|WOJ. POMORSKIE|K|41|8
2021-02|22|WOJ. POMORSKIE|K|60|2
2021-02|22|WOJ. POMORSKIE|K|29|22
2021-02|22|WOJ. POMORSKIE|K|25|24
2021-02|22|WOJ. POMORSKIE|K|47|5
2021-02|22|WOJ. POMORSKIE|K|31|25
2021-02|22|WOJ. POMORSKIE|K|57|1
2021-02|22|WOJ. POMORSKIE|K|37|7
2021-02|22|WOJ. POMORSKIE|K|54|2
2021-02|22|WOJ. POMORSKIE|K|35|9
2021-02|22|WOJ. POMORSKIE|K|26|24
2021-02|22|WOJ. POMORSKIE|K|65|1
2021-02|22|WOJ. POMORSKIE|K|22|35
2021-02|22|WOJ. POMORSKIE|K|21|44
2021-02|22|WOJ. POMORSKIE|K|45|2
2021-02|22|WOJ. POMORSKIE|K|24|22
2021-02|22|WOJ. POMORSKIE|K|39|6
2021-02|22|WOJ. POMORSKIE|K|28|22
2021-02|22|WOJ. POMORSKIE|K|48|2
2021-02|22|WOJ. POMORSKIE|K|53|2
2021-02|22|WOJ. POMORSKIE|K|43|2
2021-02|22|WOJ. POMORSKIE|K|23|28
2021-02|22|WOJ. POMORSKIE|K|50|4
2021-02|22|WOJ. POMORSKIE|K|56|1
2021-02|22|WOJ. POMORSKIE|K|46|5
2021-02|22|WOJ. POMORSKIE|K|52|3
2021-02|22|WOJ. POMORSKIE|K|20|118
2021-02|22|WOJ. POMORSKIE|K|40|10
2021-02|22|WOJ. POMORSKIE|K|33|11
2021-02|22|WOJ. POMORSKIE|K|36|15
2021-02|22|WOJ. POMORSKIE|M|47|1
2021-02|22|WOJ. POMORSKIE|M|45|3
2021-02|22|WOJ. POMORSKIE|M|42|5
2021-02|22|WOJ. POMORSKIE|M|33|12
2021-02|22|WOJ. POMORSKIE|M|46|3
2021-02|22|WOJ. POMORSKIE|M|49|2
2021-02|22|WOJ. POMORSKIE|M|32|16
2021-02|22|WOJ. POMORSKIE|M|31|9
2021-02|22|WOJ. POMORSKIE|M|18|61
2021-02|22|WOJ. POMORSKIE|M|24|16
2021-02|22|WOJ. POMORSKIE|M|43|2
2021-02|22|WOJ. POMORSKIE|M|36|6
2021-02|22|WOJ. POMORSKIE|M|53|1
2021-02|22|WOJ. POMORSKIE|M|27|20
2021-02|22|WOJ. POMORSKIE|M|65|1
2021-02|22|WOJ. POMORSKIE|M|26|25
2021-02|22|WOJ. POMORSKIE|M|41|9
2021-02|22|WOJ. POMORSKIE|M|21|50
2021-02|22|WOJ. POMORSKIE|M|28|16
2021-02|22|WOJ. POMORSKIE|M|25|22
2021-02|22|WOJ. POMORSKIE|M|50|3
2021-02|22|WOJ. POMORSKIE|M|23|24
2021-02|22|WOJ. POMORSKIE|M|51|4
2021-02|22|WOJ. POMORSKIE|M|40|5
2021-02|22|WOJ. POMORSKIE|M|16|1
2021-02|22|WOJ. POMORSKIE|M|44|5
2021-02|22|WOJ. POMORSKIE|M|30|14
2021-02|22|WOJ. POMORSKIE|M|39|6
2021-02|22|WOJ. POMORSKIE|M|29|15
2021-02|22|WOJ. POMORSKIE|M|34|11
2021-02|22|WOJ. POMORSKIE|M|17|14
2021-02|22|WOJ. POMORSKIE|M|15|1
2021-02|22|WOJ. POMORSKIE|M|19|451
2021-02|22|WOJ. POMORSKIE|M|20|120
2021-02|22|WOJ. POMORSKIE|M|37|6
2021-02|22|WOJ. POMORSKIE|M|38|7
2021-02|22|WOJ. POMORSKIE|M|35|12
2021-02|22|WOJ. POMORSKIE|M|22|29
2021-02|24|WOJ. LSKIE|K|22|76
2021-02|24|WOJ. LSKIE|K|36|16
2021-02|24|WOJ. LSKIE|K|43|11
2021-02|24|WOJ. LSKIE|K|56|1
2021-02|24|WOJ. LSKIE|K|50|6
2021-02|24|WOJ. LSKIE|K|51|3
2021-02|24|WOJ. LSKIE|K|32|26
2021-02|24|WOJ. LSKIE|K|28|36
2021-02|24|WOJ. LSKIE|K|52|5
2021-02|24|WOJ. LSKIE|K|62|1
2021-02|24|WOJ. LSKIE|K|31|26
2021-02|24|WOJ. LSKIE|K|47|4
2021-02|24|WOJ. LSKIE|K|34|15
2021-02|24|WOJ. LSKIE|K|30|25
2021-02|24|WOJ. LSKIE|K|25|39
2021-02|24|WOJ. LSKIE|K|27|38
2021-02|24|WOJ. LSKIE|K|49|5
2021-02|24|WOJ. LSKIE|K|45|4
2021-02|24|WOJ. LSKIE|K|40|18
2021-02|24|WOJ. LSKIE|K|55|3
2021-02|24|WOJ. LSKIE|K|67|1
2021-02|24|WOJ. LSKIE|K|64|1
2021-02|24|WOJ. LSKIE|K|29|37
2021-02|24|WOJ. LSKIE|K|38|18
2021-02|24|WOJ. LSKIE|K|26|41
2021-02|24|WOJ. LSKIE|K|46|6
2021-02|24|WOJ. LSKIE|K|17|1
2021-02|24|WOJ. LSKIE|K|65|2
2021-02|24|WOJ. LSKIE|K|63|1
2021-02|24|WOJ. LSKIE|K|58|1
2021-02|24|WOJ. LSKIE|K|59|1
2021-02|24|WOJ. LSKIE|K|39|19
2021-02|24|WOJ. LSKIE|K|18|98
2021-02|24|WOJ. LSKIE|K|20|231
2021-02|24|WOJ. LSKIE|K|35|28
2021-02|24|WOJ. LSKIE|K|48|1
2021-02|24|WOJ. LSKIE|K|23|39
2021-02|24|WOJ. LSKIE|K|33|35
2021-02|24|WOJ. LSKIE|K|53|3
2021-02|24|WOJ. LSKIE|K|24|47
2021-02|24|WOJ. LSKIE|K|37|18
2021-02|24|WOJ. LSKIE|K|61|1
2021-02|24|WOJ. LSKIE|K|41|13
2021-02|24|WOJ. LSKIE|K|19|869
2021-02|24|WOJ. LSKIE|K|21|85
2021-02|24|WOJ. LSKIE|K|42|9
2021-02|24|WOJ. LSKIE|K|44|8
2021-02|24|WOJ. LSKIE|K|57|2
2021-02|24|WOJ. LSKIE|K|54|5
2021-02|24|WOJ. LSKIE|M|35|13
2021-02|24|WOJ. LSKIE|M|68|1
2021-02|24|WOJ. LSKIE|M|59|1
2021-02|24|WOJ. LSKIE|M|43|2
2021-02|24|WOJ. LSKIE|M|56|1
2021-02|24|WOJ. LSKIE|M|19|895
2021-02|24|WOJ. LSKIE|M|30|14
2021-02|24|WOJ. LSKIE|M|21|82
2021-02|24|WOJ. LSKIE|M|33|25
2021-02|24|WOJ. LSKIE|M|34|9
2021-02|24|WOJ. LSKIE|M|28|30
2021-02|24|WOJ. LSKIE|M|25|23
2021-02|24|WOJ. LSKIE|M|36|12
2021-02|24|WOJ. LSKIE|M|17|6
2021-02|24|WOJ. LSKIE|M|49|3
2021-02|24|WOJ. LSKIE|M|50|3
2021-02|24|WOJ. LSKIE|M|48|2
2021-02|24|WOJ. LSKIE|M|38|14
2021-02|24|WOJ. LSKIE|M|32|31
2021-02|24|WOJ. LSKIE|M|40|8
2021-02|24|WOJ. LSKIE|M|47|5
2021-02|24|WOJ. LSKIE|M|18|128
2021-02|24|WOJ. LSKIE|M|37|8
2021-02|24|WOJ. LSKIE|M|27|18
2021-02|24|WOJ. LSKIE|M|31|16
2021-02|24|WOJ. LSKIE|M|41|6
2021-02|24|WOJ. LSKIE|M|16|2
2021-02|24|WOJ. LSKIE|M|29|25
2021-02|24|WOJ. LSKIE|M|26|22
2021-02|24|WOJ. LSKIE|M|44|4
2021-02|24|WOJ. LSKIE|M|23|34
2021-02|24|WOJ. LSKIE|M|20|220
2021-02|24|WOJ. LSKIE|M|55|2
2021-02|24|WOJ. LSKIE|M|45|6
2021-02|24|WOJ. LSKIE|M|24|41
2021-02|24|WOJ. LSKIE|M|51|3
2021-02|24|WOJ. LSKIE|M|42|10
2021-02|24|WOJ. LSKIE|M|22|48
2021-02|24|WOJ. LSKIE|M|39|16
2021-02|24|WOJ. LSKIE|M|46|6
2021-02|26|WOJ. WITOKRZYSKIE|K|51|2
2021-02|26|WOJ. WITOKRZYSKIE|K|57|3
2021-02|26|WOJ. WITOKRZYSKIE|K|33|11
2021-02|26|WOJ. WITOKRZYSKIE|K|54|1
2021-02|26|WOJ. WITOKRZYSKIE|K|62|1
2021-02|26|WOJ. WITOKRZYSKIE|K|19|279
2021-02|26|WOJ. WITOKRZYSKIE|K|50|6
2021-02|26|WOJ. WITOKRZYSKIE|K|34|5
2021-02|26|WOJ. WITOKRZYSKIE|K|38|2
2021-02|26|WOJ. WITOKRZYSKIE|K|35|5
2021-02|26|WOJ. WITOKRZYSKIE|K|45|3
2021-02|26|WOJ. WITOKRZYSKIE|K|40|6
2021-02|26|WOJ. WITOKRZYSKIE|K|39|5
2021-02|26|WOJ. WITOKRZYSKIE|K|32|7
2021-02|26|WOJ. WITOKRZYSKIE|K|30|5
2021-02|26|WOJ. WITOKRZYSKIE|K|27|17
2021-02|26|WOJ. WITOKRZYSKIE|K|20|69
2021-02|26|WOJ. WITOKRZYSKIE|K|24|11
2021-02|26|WOJ. WITOKRZYSKIE|K|36|7
2021-02|26|WOJ. WITOKRZYSKIE|K|25|11
2021-02|26|WOJ. WITOKRZYSKIE|K|55|2
2021-02|26|WOJ. WITOKRZYSKIE|K|28|14
2021-02|26|WOJ. WITOKRZYSKIE|K|41|5
2021-02|26|WOJ. WITOKRZYSKIE|K|23|7
2021-02|26|WOJ. WITOKRZYSKIE|K|29|13
2021-02|26|WOJ. WITOKRZYSKIE|K|53|2
2021-02|26|WOJ. WITOKRZYSKIE|K|46|1
2021-02|26|WOJ. WITOKRZYSKIE|K|47|1
2021-02|26|WOJ. WITOKRZYSKIE|K|18|62
2021-02|26|WOJ. WITOKRZYSKIE|K|43|1
2021-02|26|WOJ. WITOKRZYSKIE|K|58|1
2021-02|26|WOJ. WITOKRZYSKIE|K|48|5
2021-02|26|WOJ. WITOKRZYSKIE|K|21|29
2021-02|26|WOJ. WITOKRZYSKIE|K|22|13
2021-02|26|WOJ. WITOKRZYSKIE|K|26|12
2021-02|26|WOJ. WITOKRZYSKIE|K|31|6
2021-02|26|WOJ. WITOKRZYSKIE|K|49|1
2021-02|26|WOJ. WITOKRZYSKIE|K|42|2
2021-02|26|WOJ. WITOKRZYSKIE|K|37|4
2021-02|26|WOJ. WITOKRZYSKIE|M|38|4
2021-02|26|WOJ. WITOKRZYSKIE|M|19|291
2021-02|26|WOJ. WITOKRZYSKIE|M|34|2
2021-02|26|WOJ. WITOKRZYSKIE|M|27|6
2021-02|26|WOJ. WITOKRZYSKIE|M|22|10
2021-02|26|WOJ. WITOKRZYSKIE|M|20|50
2021-02|26|WOJ. WITOKRZYSKIE|M|24|8
2021-02|26|WOJ. WITOKRZYSKIE|M|61|1
2021-02|26|WOJ. WITOKRZYSKIE|M|17|3
2021-02|26|WOJ. WITOKRZYSKIE|M|25|9
2021-02|26|WOJ. WITOKRZYSKIE|M|31|5
2021-02|26|WOJ. WITOKRZYSKIE|M|29|8
2021-02|26|WOJ. WITOKRZYSKIE|M|54|1
2021-02|26|WOJ. WITOKRZYSKIE|M|52|1
2021-02|26|WOJ. WITOKRZYSKIE|M|41|3
2021-02|26|WOJ. WITOKRZYSKIE|M|47|1
2021-02|26|WOJ. WITOKRZYSKIE|M|28|7
2021-02|26|WOJ. WITOKRZYSKIE|M|21|21
2021-02|26|WOJ. WITOKRZYSKIE|M|35|2
2021-02|26|WOJ. WITOKRZYSKIE|M|67|1
2021-02|26|WOJ. WITOKRZYSKIE|M|57|1
2021-02|26|WOJ. WITOKRZYSKIE|M|44|2
2021-02|26|WOJ. WITOKRZYSKIE|M|37|1
2021-02|26|WOJ. WITOKRZYSKIE|M|26|5
2021-02|26|WOJ. WITOKRZYSKIE|M|18|100
2021-02|26|WOJ. WITOKRZYSKIE|M|45|3
2021-02|26|WOJ. WITOKRZYSKIE|M|36|6
2021-02|26|WOJ. WITOKRZYSKIE|M|32|9
2021-02|26|WOJ. WITOKRZYSKIE|M|40|2
2021-02|26|WOJ. WITOKRZYSKIE|M|23|15
2021-02|26|WOJ. WITOKRZYSKIE|M|30|3
2021-02|26|WOJ. WITOKRZYSKIE|M|42|1
2021-02|26|WOJ. WITOKRZYSKIE|M|33|2
2021-02|26|WOJ. WITOKRZYSKIE|M|49|1
2021-02|26|WOJ. WITOKRZYSKIE|M|39|1
2021-02|26|WOJ. WITOKRZYSKIE|M|43|1
2021-02|26|WOJ. WITOKRZYSKIE|M|58|1
2021-02|28|WOJ. WARMISKO-MAZURSKIE|K|32|13
2021-02|28|WOJ. WARMISKO-MAZURSKIE|K|50|6
2021-02|28|WOJ. WARMISKO-MAZURSKIE|K|45|3
2021-02|28|WOJ. WARMISKO-MAZURSKIE|K|19|199
2021-02|28|WOJ. WARMISKO-MAZURSKIE|K|28|6
2021-02|28|WOJ. WARMISKO-MAZURSKIE|K|31|7
2021-02|28|WOJ. WARMISKO-MAZURSKIE|K|56|1
2021-02|28|WOJ. WARMISKO-MAZURSKIE|K|58|1
2021-02|28|WOJ. WARMISKO-MAZURSKIE|K|37|6
2021-02|28|WOJ. WARMISKO-MAZURSKIE|K|35|5
2021-02|28|WOJ. WARMISKO-MAZURSKIE|K|48|6
2021-02|28|WOJ. WARMISKO-MAZURSKIE|K|40|11
2021-02|28|WOJ. WARMISKO-MAZURSKIE|K|57|2
2021-02|28|WOJ. WARMISKO-MAZURSKIE|K|42|1
2021-02|28|WOJ. WARMISKO-MAZURSKIE|K|17|1
2021-02|28|WOJ. WARMISKO-MAZURSKIE|K|51|1
2021-02|28|WOJ. WARMISKO-MAZURSKIE|K|54|1
2021-02|28|WOJ. WARMISKO-MAZURSKIE|K|64|1
2021-02|28|WOJ. WARMISKO-MAZURSKIE|K|41|3
2021-02|28|WOJ. WARMISKO-MAZURSKIE|K|39|7
2021-02|28|WOJ. WARMISKO-MAZURSKIE|K|33|8
2021-02|28|WOJ. WARMISKO-MAZURSKIE|K|43|4
2021-02|28|WOJ. WARMISKO-MAZURSKIE|K|34|7
2021-02|28|WOJ. WARMISKO-MAZURSKIE|K|47|2
2021-02|28|WOJ. WARMISKO-MAZURSKIE|K|49|1
2021-02|28|WOJ. WARMISKO-MAZURSKIE|K|52|2
2021-02|28|WOJ. WARMISKO-MAZURSKIE|K|62|1
2021-02|28|WOJ. WARMISKO-MAZURSKIE|K|23|9
2021-02|28|WOJ. WARMISKO-MAZURSKIE|K|24|22
2021-02|28|WOJ. WARMISKO-MAZURSKIE|K|25|15
2021-02|28|WOJ. WARMISKO-MAZURSKIE|K|29|8
2021-02|28|WOJ. WARMISKO-MAZURSKIE|K|30|9
2021-02|28|WOJ. WARMISKO-MAZURSKIE|K|36|5
2021-02|28|WOJ. WARMISKO-MAZURSKIE|K|46|2
2021-02|28|WOJ. WARMISKO-MAZURSKIE|K|21|22
2021-02|28|WOJ. WARMISKO-MAZURSKIE|K|26|9
2021-02|28|WOJ. WARMISKO-MAZURSKIE|K|38|5
2021-02|28|WOJ. WARMISKO-MAZURSKIE|K|44|1
2021-02|28|WOJ. WARMISKO-MAZURSKIE|K|20|47
2021-02|28|WOJ. WARMISKO-MAZURSKIE|K|18|75
2021-02|28|WOJ. WARMISKO-MAZURSKIE|K|59|2
2021-02|28|WOJ. WARMISKO-MAZURSKIE|K|55|2
2021-02|28|WOJ. WARMISKO-MAZURSKIE|K|22|18
2021-02|28|WOJ. WARMISKO-MAZURSKIE|K|27|9
2021-02|28|WOJ. WARMISKO-MAZURSKIE|M|26|11
2021-02|28|WOJ. WARMISKO-MAZURSKIE|M|39|3
2021-02|28|WOJ. WARMISKO-MAZURSKIE|M|20|43
2021-02|28|WOJ. WARMISKO-MAZURSKIE|M|35|2
2021-02|28|WOJ. WARMISKO-MAZURSKIE|M|66|1
2021-02|28|WOJ. WARMISKO-MAZURSKIE|M|19|206
2021-02|28|WOJ. WARMISKO-MAZURSKIE|M|18|77
2021-02|28|WOJ. WARMISKO-MAZURSKIE|M|23|20
2021-02|28|WOJ. WARMISKO-MAZURSKIE|M|21|24
2021-02|28|WOJ. WARMISKO-MAZURSKIE|M|34|5
2021-02|28|WOJ. WARMISKO-MAZURSKIE|M|25|8
2021-02|28|WOJ. WARMISKO-MAZURSKIE|M|36|2
2021-02|28|WOJ. WARMISKO-MAZURSKIE|M|48|2
2021-02|28|WOJ. WARMISKO-MAZURSKIE|M|49|2
2021-02|28|WOJ. WARMISKO-MAZURSKIE|M|42|2
2021-02|28|WOJ. WARMISKO-MAZURSKIE|M|52|1
2021-02|28|WOJ. WARMISKO-MAZURSKIE|M|44|1
2021-02|28|WOJ. WARMISKO-MAZURSKIE|M|30|5
2021-02|28|WOJ. WARMISKO-MAZURSKIE|M|45|2
2021-02|28|WOJ. WARMISKO-MAZURSKIE|M|27|3
2021-02|28|WOJ. WARMISKO-MAZURSKIE|M|54|1
2021-02|28|WOJ. WARMISKO-MAZURSKIE|M|24|4
2021-02|28|WOJ. WARMISKO-MAZURSKIE|M|46|2
2021-02|28|WOJ. WARMISKO-MAZURSKIE|M|32|3
2021-02|28|WOJ. WARMISKO-MAZURSKIE|M|33|5
2021-02|28|WOJ. WARMISKO-MAZURSKIE|M|47|2
2021-02|28|WOJ. WARMISKO-MAZURSKIE|M|16|1
2021-02|28|WOJ. WARMISKO-MAZURSKIE|M|17|2
2021-02|28|WOJ. WARMISKO-MAZURSKIE|M|37|2
2021-02|28|WOJ. WARMISKO-MAZURSKIE|M|40|2
2021-02|28|WOJ. WARMISKO-MAZURSKIE|M|38|4
2021-02|28|WOJ. WARMISKO-MAZURSKIE|M|22|20
2021-02|28|WOJ. WARMISKO-MAZURSKIE|M|28|8
2021-02|28|WOJ. WARMISKO-MAZURSKIE|M|29|8
2021-02|28|WOJ. WARMISKO-MAZURSKIE|M|41|2
2021-02|28|WOJ. WARMISKO-MAZURSKIE|M|31|4
2021-02|28|WOJ. WARMISKO-MAZURSKIE|M|55|1
2021-02|28|WOJ. WARMISKO-MAZURSKIE|M|43|2
2021-02|30|WOJ. WIELKOPOLSKIE|K|45|9
2021-02|30|WOJ. WIELKOPOLSKIE|K|27|25
2021-02|30|WOJ. WIELKOPOLSKIE|K|50|3
2021-02|30|WOJ. WIELKOPOLSKIE|K|66|1
2021-02|30|WOJ. WIELKOPOLSKIE|K|21|62
2021-02|30|WOJ. WIELKOPOLSKIE|K|28|25
2021-02|30|WOJ. WIELKOPOLSKIE|K|25|30
2021-02|30|WOJ. WIELKOPOLSKIE|K|56|2
2021-02|30|WOJ. WIELKOPOLSKIE|K|34|13
2021-02|30|WOJ. WIELKOPOLSKIE|K|30|20
2021-02|30|WOJ. WIELKOPOLSKIE|K|41|9
2021-02|30|WOJ. WIELKOPOLSKIE|K|46|3
2021-02|30|WOJ. WIELKOPOLSKIE|K|49|4
2021-02|30|WOJ. WIELKOPOLSKIE|K|53|1
2021-02|30|WOJ. WIELKOPOLSKIE|K|57|1
2021-02|30|WOJ. WIELKOPOLSKIE|K|18|189
2021-02|30|WOJ. WIELKOPOLSKIE|K|31|20
2021-02|30|WOJ. WIELKOPOLSKIE|K|29|14
2021-02|30|WOJ. WIELKOPOLSKIE|K|39|4
2021-02|30|WOJ. WIELKOPOLSKIE|K|32|15
2021-02|30|WOJ. WIELKOPOLSKIE|K|35|8
2021-02|30|WOJ. WIELKOPOLSKIE|K|51|6
2021-02|30|WOJ. WIELKOPOLSKIE|K|40|4
2021-02|30|WOJ. WIELKOPOLSKIE|K|44|6
2021-02|30|WOJ. WIELKOPOLSKIE|K|42|6
2021-02|30|WOJ. WIELKOPOLSKIE|K|17|2
2021-02|30|WOJ. WIELKOPOLSKIE|K|54|6
2021-02|30|WOJ. WIELKOPOLSKIE|K|43|7
2021-02|30|WOJ. WIELKOPOLSKIE|K|37|16
2021-02|30|WOJ. WIELKOPOLSKIE|K|36|15
2021-02|30|WOJ. WIELKOPOLSKIE|K|24|24
2021-02|30|WOJ. WIELKOPOLSKIE|K|55|1
2021-02|30|WOJ. WIELKOPOLSKIE|K|19|642
2021-02|30|WOJ. WIELKOPOLSKIE|K|26|32
2021-02|30|WOJ. WIELKOPOLSKIE|K|47|7
2021-02|30|WOJ. WIELKOPOLSKIE|K|38|9
2021-02|30|WOJ. WIELKOPOLSKIE|K|61|1
2021-02|30|WOJ. WIELKOPOLSKIE|K|22|36
2021-02|30|WOJ. WIELKOPOLSKIE|K|23|33
2021-02|30|WOJ. WIELKOPOLSKIE|K|20|133
2021-02|30|WOJ. WIELKOPOLSKIE|K|52|2
2021-02|30|WOJ. WIELKOPOLSKIE|K|48|4
2021-02|30|WOJ. WIELKOPOLSKIE|K|33|8
2021-02|30|WOJ. WIELKOPOLSKIE|M|24|16
2021-02|30|WOJ. WIELKOPOLSKIE|M|17|34
2021-02|30|WOJ. WIELKOPOLSKIE|M|29|15
2021-02|30|WOJ. WIELKOPOLSKIE|M|50|1
2021-02|30|WOJ. WIELKOPOLSKIE|M|21|51
2021-02|30|WOJ. WIELKOPOLSKIE|M|36|5
2021-02|30|WOJ. WIELKOPOLSKIE|M|28|14
2021-02|30|WOJ. WIELKOPOLSKIE|M|22|25
2021-02|30|WOJ. WIELKOPOLSKIE|M|62|1
2021-02|30|WOJ. WIELKOPOLSKIE|M|44|2
2021-02|30|WOJ. WIELKOPOLSKIE|M|33|12
2021-02|30|WOJ. WIELKOPOLSKIE|M|27|12
2021-02|30|WOJ. WIELKOPOLSKIE|M|30|12
2021-02|30|WOJ. WIELKOPOLSKIE|M|60|1
2021-02|30|WOJ. WIELKOPOLSKIE|M|40|4
2021-02|30|WOJ. WIELKOPOLSKIE|M|18|232
2021-02|30|WOJ. WIELKOPOLSKIE|M|20|117
2021-02|30|WOJ. WIELKOPOLSKIE|M|39|3
2021-02|30|WOJ. WIELKOPOLSKIE|M|15|2
2021-02|30|WOJ. WIELKOPOLSKIE|M|16|4
2021-02|30|WOJ. WIELKOPOLSKIE|M|31|8
2021-02|30|WOJ. WIELKOPOLSKIE|M|43|1
2021-02|30|WOJ. WIELKOPOLSKIE|M|41|3
2021-02|30|WOJ. WIELKOPOLSKIE|M|34|14
2021-02|30|WOJ. WIELKOPOLSKIE|M|26|36
2021-02|30|WOJ. WIELKOPOLSKIE|M|38|4
2021-02|30|WOJ. WIELKOPOLSKIE|M|42|2
2021-02|30|WOJ. WIELKOPOLSKIE|M|56|1
2021-02|30|WOJ. WIELKOPOLSKIE|M|23|32
2021-02|30|WOJ. WIELKOPOLSKIE|M|35|11
2021-02|30|WOJ. WIELKOPOLSKIE|M|37|5
2021-02|30|WOJ. WIELKOPOLSKIE|M|25|24
2021-02|30|WOJ. WIELKOPOLSKIE|M|45|5
2021-02|30|WOJ. WIELKOPOLSKIE|M|52|1
2021-02|30|WOJ. WIELKOPOLSKIE|M|46|1
2021-02|30|WOJ. WIELKOPOLSKIE|M|19|616
2021-02|30|WOJ. WIELKOPOLSKIE|M|32|10
2021-02|32|WOJ. ZACHODNIOPOMORSKIE|K|39|7
2021-02|32|WOJ. ZACHODNIOPOMORSKIE|K|29|15
2021-02|32|WOJ. ZACHODNIOPOMORSKIE|K|26|27
2021-02|32|WOJ. ZACHODNIOPOMORSKIE|K|23|29
2021-02|32|WOJ. ZACHODNIOPOMORSKIE|K|55|1
2021-02|32|WOJ. ZACHODNIOPOMORSKIE|K|36|7
2021-02|32|WOJ. ZACHODNIOPOMORSKIE|K|56|1
2021-02|32|WOJ. ZACHODNIOPOMORSKIE|K|53|1
2021-02|32|WOJ. ZACHODNIOPOMORSKIE|K|34|17
2021-02|32|WOJ. ZACHODNIOPOMORSKIE|K|42|5
2021-02|32|WOJ. ZACHODNIOPOMORSKIE|K|60|2
2021-02|32|WOJ. ZACHODNIOPOMORSKIE|K|52|2
2021-02|32|WOJ. ZACHODNIOPOMORSKIE|K|22|23
2021-02|32|WOJ. ZACHODNIOPOMORSKIE|K|37|7
2021-02|32|WOJ. ZACHODNIOPOMORSKIE|K|41|8
2021-02|32|WOJ. ZACHODNIOPOMORSKIE|K|17|1
2021-02|32|WOJ. ZACHODNIOPOMORSKIE|K|44|1
2021-02|32|WOJ. ZACHODNIOPOMORSKIE|K|32|11
2021-02|32|WOJ. ZACHODNIOPOMORSKIE|K|25|20
2021-02|32|WOJ. ZACHODNIOPOMORSKIE|K|50|2
2021-02|32|WOJ. ZACHODNIOPOMORSKIE|K|20|59
2021-02|32|WOJ. ZACHODNIOPOMORSKIE|K|31|11
2021-02|32|WOJ. ZACHODNIOPOMORSKIE|K|18|37
2021-02|32|WOJ. ZACHODNIOPOMORSKIE|K|21|40
2021-02|32|WOJ. ZACHODNIOPOMORSKIE|K|54|3
2021-02|32|WOJ. ZACHODNIOPOMORSKIE|K|46|3
2021-02|32|WOJ. ZACHODNIOPOMORSKIE|K|38|4
2021-02|32|WOJ. ZACHODNIOPOMORSKIE|K|45|6
2021-02|32|WOJ. ZACHODNIOPOMORSKIE|K|62|1
2021-02|32|WOJ. ZACHODNIOPOMORSKIE|K|35|13
2021-02|32|WOJ. ZACHODNIOPOMORSKIE|K|47|3
2021-02|32|WOJ. ZACHODNIOPOMORSKIE|K|43|2
2021-02|32|WOJ. ZACHODNIOPOMORSKIE|K|58|2
2021-02|32|WOJ. ZACHODNIOPOMORSKIE|K|51|2
2021-02|32|WOJ. ZACHODNIOPOMORSKIE|K|28|16
2021-02|32|WOJ. ZACHODNIOPOMORSKIE|K|24|13
2021-02|32|WOJ. ZACHODNIOPOMORSKIE|K|30|11
2021-02|32|WOJ. ZACHODNIOPOMORSKIE|K|33|17
2021-02|32|WOJ. ZACHODNIOPOMORSKIE|K|40|5
2021-02|32|WOJ. ZACHODNIOPOMORSKIE|K|27|28
2021-02|32|WOJ. ZACHODNIOPOMORSKIE|K|48|3
2021-02|32|WOJ. ZACHODNIOPOMORSKIE|K|19|276
2021-02|32|WOJ. ZACHODNIOPOMORSKIE|K|49|1
2021-02|32|WOJ. ZACHODNIOPOMORSKIE|M|21|40
2021-02|32|WOJ. ZACHODNIOPOMORSKIE|M|43|3
2021-02|32|WOJ. ZACHODNIOPOMORSKIE|M|37|3
2021-02|32|WOJ. ZACHODNIOPOMORSKIE|M|38|4
2021-02|32|WOJ. ZACHODNIOPOMORSKIE|M|46|1
2021-02|32|WOJ. ZACHODNIOPOMORSKIE|M|39|2
2021-02|32|WOJ. ZACHODNIOPOMORSKIE|M|49|2
2021-02|32|WOJ. ZACHODNIOPOMORSKIE|M|33|9
2021-02|32|WOJ. ZACHODNIOPOMORSKIE|M|58|1
2021-02|32|WOJ. ZACHODNIOPOMORSKIE|M|32|10
2021-02|32|WOJ. ZACHODNIOPOMORSKIE|M|24|18
2021-02|32|WOJ. ZACHODNIOPOMORSKIE|M|48|1
2021-02|32|WOJ. ZACHODNIOPOMORSKIE|M|53|1
2021-02|32|WOJ. ZACHODNIOPOMORSKIE|M|40|2
2021-02|32|WOJ. ZACHODNIOPOMORSKIE|M|31|1
2021-02|32|WOJ. ZACHODNIOPOMORSKIE|M|19|320
2021-02|32|WOJ. ZACHODNIOPOMORSKIE|M|18|50
2021-02|32|WOJ. ZACHODNIOPOMORSKIE|M|23|17
2021-02|32|WOJ. ZACHODNIOPOMORSKIE|M|27|13
2021-02|32|WOJ. ZACHODNIOPOMORSKIE|M|60|1
2021-02|32|WOJ. ZACHODNIOPOMORSKIE|M|29|12
2021-02|32|WOJ. ZACHODNIOPOMORSKIE|M|42|3
2021-02|32|WOJ. ZACHODNIOPOMORSKIE|M|45|1
2021-02|32|WOJ. ZACHODNIOPOMORSKIE|M|28|13
2021-02|32|WOJ. ZACHODNIOPOMORSKIE|M|54|1
2021-02|32|WOJ. ZACHODNIOPOMORSKIE|M|44|1
2021-02|32|WOJ. ZACHODNIOPOMORSKIE|M|20|80
2021-02|32|WOJ. ZACHODNIOPOMORSKIE|M|26|10
2021-02|32|WOJ. ZACHODNIOPOMORSKIE|M|17|2
2021-02|32|WOJ. ZACHODNIOPOMORSKIE|M|41|1
2021-02|32|WOJ. ZACHODNIOPOMORSKIE|M|22|24
2021-02|32|WOJ. ZACHODNIOPOMORSKIE|M|30|10
2021-02|32|WOJ. ZACHODNIOPOMORSKIE|M|36|7
2021-02|32|WOJ. ZACHODNIOPOMORSKIE|M|47|1
2021-02|32|WOJ. ZACHODNIOPOMORSKIE|M|35|4
2021-02|32|WOJ. ZACHODNIOPOMORSKIE|M|25|16
2021-02|32|WOJ. ZACHODNIOPOMORSKIE|M|34|8
2021-02|32|WOJ. ZACHODNIOPOMORSKIE|M|51|1
